MonthlyIncome,Age,TotalWorkingYears,DistanceFromHome,EmployeeNumber,YearsAtCompany,MonthlyRate,DailyRate,StockOptionLevel,HourlyRate,PercentSalaryHike,OverTime_encoded,YearsInCurrentRole,JobLevel,EnvironmentSatisfaction,NumCompaniesWorked,YearsWithCurrManager,JobSatisfaction,YearsSinceLastPromotion,JobRole_encoded,WorkLifeBalance,JobInvolvement,RelationshipSatisfaction,TrainingTimesLastYear,EducationField_encoded,MaritalStatus_encoded,Education,BusinessTravel_encoded,Department_encoded,Gender_encoded,Attrition
5006,45,9,4,240,5,6319,1268,1,30,11,1,4,2,3,4,3,1,0,7,4,3,1,3,1,0,2,2,2,0,0
4014,35,4,23,75,2,16002,1142,1,30,15,1,2,1,3,3,2,1,2,2,3,3,3,3,3,1,4,2,1,0,0
2683,50,3,3,47,3,3810,869,0,86,14,1,2,1,1,1,2,3,0,8,3,2,3,2,2,1,2,2,2,1,1
2782,41,12,1,1999,5,21412,642,1,76,22,0,3,1,4,3,0,4,1,6,3,3,1,3,1,1,3,2,1,1,0
19943,56,28,4,1191,5,18575,718,1,92,13,0,2,5,4,4,2,1,4,3,3,3,4,2,5,0,4,2,1,0,0
2440,38,4,2,1675,4,23826,148,0,42,22,0,3,1,4,1,3,2,3,2,3,2,2,3,3,2,3,1,1,0,0
2596,28,1,1,1111,1,7160,1009,2,45,15,0,0,1,1,1,0,2,0,2,3,2,1,2,3,0,3,1,1,1,1
5715,40,8,2,516,5,22553,759,2,46,12,0,4,2,4,7,3,2,1,7,3,3,3,5,2,0,2,2,2,0,0
3544,40,6,16,1340,4,8532,458,1,74,16,0,2,1,3,9,0,3,0,6,3,3,2,0,1,0,2,0,1,1,0
2942,26,8,25,177,8,8916,1355,1,61,23,0,7,1,3,1,7,3,5,1,3,3,4,3,1,1,1,2,0,0,0
2373,26,5,16,394,3,14180,1449,1,45,13,1,2,1,1,2,2,2,0,2,3,3,4,2,3,0,4,2,1,1,1
2042,26,6,2,1053,3,15346,342,1,57,14,1,2,1,1,6,2,1,1,6,3,3,2,2,1,1,3,1,1,1,1
7082,41,21,23,1678,2,11591,1206,0,80,16,1,0,3,4,3,2,3,0,7,3,3,4,2,1,2,2,2,2,1,0
2033,30,1,12,648,1,14470,448,1,74,18,0,0,1,2,1,0,1,0,8,4,2,3,2,1,1,4,1,2,1,1
19502,49,31,18,638,31,2125,1245,1,58,17,1,9,5,4,1,9,3,0,5,3,2,3,5,1,0,4,2,1,1,0
13695,55,24,13,1372,19,9277,267,0,85,17,1,7,4,1,6,8,3,3,7,2,4,3,2,2,2,4,2,2,1,1
3407,36,10,9,27,5,6986,1218,0,82,23,0,3,1,3,7,3,1,0,8,3,2,2,4,1,2,4,2,2,1,1
9714,30,10,1,1562,10,5323,740,1,64,11,0,8,2,2,1,7,1,6,7,3,2,4,4,1,1,3,2,2,1,1
6538,34,6,4,523,3,12740,1381,1,72,15,0,2,2,3,9,2,3,1,7,3,3,1,3,2,1,4,0,2,0,0
19161,49,28,2,1941,5,13738,1064,0,42,15,0,4,5,2,3,3,4,4,5,3,3,4,3,1,1,1,1,1,1,0
3722,31,7,2,1464,2,21081,523,1,94,13,1,2,1,2,6,2,4,2,2,1,3,3,2,1,1,3,1,1,1,1
2166,40,10,7,1649,4,3339,1329,0,73,14,1,2,1,1,3,3,1,0,2,1,3,2,3,1,2,3,2,1,1,1
5828,26,8,4,401,8,8450,950,0,48,12,1,7,2,4,1,4,4,7,7,3,2,2,0,2,2,4,2,2,1,1
5210,45,24,7,425,24,20308,1249,1,97,18,0,9,3,1,1,11,1,9,2,3,3,1,2,1,0,3,1,1,1,0
12808,27,9,5,844,9,8842,269,1,42,16,1,8,3,3,1,8,4,0,5,3,2,2,3,5,0,1,2,1,1,0
2437,43,6,17,1767,1,15587,807,1,38,16,1,0,1,3,9,0,3,0,6,3,2,4,4,5,1,3,1,1,1,1
9756,45,9,4,1744,5,6595,176,2,56,21,0,0,3,3,4,3,3,0,1,4,1,3,2,1,1,3,2,0,0,0
19406,54,24,5,522,4,8509,821,1,86,11,0,2,5,1,4,2,1,1,5,2,3,3,4,3,1,2,2,1,1,0
3931,32,6,4,330,4,20990,1401,1,56,11,0,3,1,3,2,2,2,1,8,3,3,1,5,1,1,2,2,2,0,0
3491,30,10,7,1224,10,11309,853,3,49,13,0,7,2,3,1,9,3,8,2,2,3,1,4,1,0,4,2,1,1,0
4779,30,8,7,1428,3,12761,855,2,73,14,0,2,2,4,7,2,1,0,7,3,3,2,3,2,0,4,2,2,0,0
2451,22,4,8,1019,4,6881,217,1,94,15,0,3,1,2,1,1,1,1,2,2,1,1,3,1,1,1,2,1,1,0
4599,34,16,24,1489,15,7815,790,0,40,23,1,9,2,1,0,10,2,10,7,4,2,3,2,3,2,4,2,2,0,1
5940,54,16,3,303,6,17011,1147,1,52,14,0,2,2,4,2,5,1,0,7,3,3,4,4,2,1,3,2,2,0,0
4198,38,8,16,1583,3,16379,437,0,90,12,0,2,2,2,2,2,2,1,7,4,3,2,5,1,2,3,2,2,0,0
2853,22,1,3,1203,0,4223,1256,1,48,11,1,0,1,3,0,0,4,0,6,3,2,2,5,1,1,4,1,1,1,1
4422,40,16,26,1180,1,21203,902,1,92,13,1,1,2,3,3,0,4,0,6,1,2,4,3,3,1,2,1,1,0,0
2791,31,3,20,1135,2,21981,793,1,67,12,0,2,1,3,0,2,4,2,8,3,4,1,4,1,1,3,1,2,1,0
5237,36,17,27,13,7,16577,1299,2,94,13,0,7,2,3,6,7,3,7,0,2,3,2,3,3,1,3,2,1,1,0
2973,20,1,4,960,1,13008,129,0,84,19,0,0,1,1,1,0,1,0,2,3,3,2,2,5,2,3,2,1,1,1
3989,23,5,8,1684,5,20586,1320,0,93,11,1,4,1,4,1,2,3,1,2,3,2,1,2,3,2,1,2,1,1,1
2659,26,3,6,686,3,17759,991,1,71,13,1,2,1,3,1,2,4,0,2,3,3,3,2,1,1,3,2,1,0,0
6696,30,9,26,299,6,22967,334,0,52,15,0,3,2,3,5,1,1,0,7,2,2,3,5,2,2,4,1,2,0,1
5916,35,8,23,261,1,15497,556,0,50,13,1,0,2,2,3,1,3,0,4,3,2,1,1,1,1,2,2,1,1,1
4614,35,5,18,1380,4,23288,662,1,67,18,1,2,2,4,0,2,3,3,7,2,3,3,0,2,1,4,1,2,0,1
4684,26,5,10,1836,5,9125,572,0,46,13,0,3,2,3,1,2,4,1,7,3,3,1,4,3,2,3,2,2,1,0
5673,36,10,10,1880,10,6060,1266,1,63,13,1,9,2,2,1,7,3,1,7,3,2,1,4,5,1,4,2,2,0,0
5577,52,18,6,630,10,22087,956,2,78,12,1,9,2,4,3,9,1,6,6,3,3,2,3,5,0,2,2,1,1,0
19926,50,21,11,226,5,17053,1452,0,53,15,0,4,5,3,3,4,2,4,3,3,3,2,5,1,2,3,2,1,0,0
2187,27,6,6,655,5,5013,798,2,66,12,0,3,1,1,0,3,3,0,6,2,2,3,5,3,0,4,2,1,0,0
2741,40,15,19,281,7,16523,905,1,99,15,1,2,2,3,8,7,4,3,2,4,3,3,2,3,1,2,2,1,1,0
2090,37,7,2,4,0,2396,1373,0,92,15,1,0,1,4,6,0,3,0,2,3,2,2,3,4,2,2,2,1,1,1
6796,50,18,8,723,4,23452,562,1,50,14,1,3,2,2,3,3,3,1,7,3,3,1,4,5,1,2,1,2,1,1
17426,54,36,22,1665,10,18685,584,1,91,25,0,8,4,2,3,7,3,4,3,3,3,3,6,3,1,5,2,1,0,0
17665,42,23,2,1109,22,14399,469,1,35,17,0,6,4,4,0,7,1,13,3,3,3,4,3,3,1,2,2,1,1,0
2408,28,1,24,1604,1,7324,329,3,51,17,1,1,1,3,1,0,2,0,2,3,3,3,3,3,1,3,2,1,1,1
5346,34,11,9,1807,7,6208,234,1,93,17,0,1,2,4,4,7,1,0,2,2,3,3,3,1,1,4,1,1,1,1
6472,39,9,1,1737,9,8989,792,1,77,15,1,8,2,4,1,8,4,5,2,3,3,4,2,1,1,3,0,1,1,0
2800,29,5,1,896,3,23522,341,3,48,19,1,2,1,2,6,2,3,0,8,3,2,3,3,3,0,3,2,2,0,1
5238,39,12,3,445,1,17778,1162,0,41,18,1,0,2,4,4,0,3,0,7,2,3,1,3,3,1,2,2,2,0,1
5324,33,6,16,819,3,26507,118,0,69,15,0,2,2,1,5,2,1,0,7,3,3,3,3,2,2,3,2,2,0,1
4859,35,5,1,620,5,6698,195,0,80,16,0,4,2,1,1,3,3,0,7,3,3,4,3,3,2,3,2,2,0,0
8726,27,9,8,56,9,2975,994,0,37,15,0,8,3,4,1,7,3,1,7,3,3,4,0,1,2,3,1,2,1,0
7446,31,10,1,1459,10,8931,1445,0,100,11,0,8,3,3,1,7,2,4,4,3,4,1,2,1,2,5,1,1,0,1
10325,36,16,3,967,16,5518,530,1,51,11,1,7,3,3,1,7,4,3,7,3,2,1,6,1,1,1,2,2,1,1
8722,28,10,24,1082,10,12355,1366,0,72,12,0,7,3,2,1,9,1,1,0,2,2,1,2,5,2,2,0,1,1,1
2564,19,1,2,566,1,18437,489,0,52,12,0,0,1,1,1,0,4,0,1,4,2,3,3,5,2,2,2,0,1,1
4448,40,15,12,1829,7,10748,750,1,47,12,0,4,2,2,2,7,1,7,0,3,3,2,3,1,0,3,2,1,0,0
2778,41,10,2,927,7,17725,1085,1,57,13,1,7,1,2,4,0,4,1,2,2,1,3,1,1,0,4,2,1,0,1
4087,32,9,1,1574,6,25174,1200,1,62,14,0,5,2,4,4,2,1,1,6,2,3,2,3,5,1,4,0,1,1,0
6232,25,6,18,1399,3,12477,1372,0,93,11,0,2,2,1,2,2,3,1,7,2,4,2,3,1,1,1,2,2,1,0
2707,33,13,2,328,9,21509,465,0,39,20,0,7,1,1,7,7,1,1,2,4,3,1,3,1,1,2,2,1,0,1
2367,48,10,15,1576,8,16530,1108,1,65,12,0,2,1,3,8,6,1,7,6,2,3,4,3,4,1,4,2,1,0,0
1359,31,1,1,1427,1,16154,667,0,50,12,0,0,1,2,1,0,3,0,8,3,1,2,3,1,2,4,1,2,0,1
2313,33,5,25,1108,2,2993,1017,0,55,20,1,2,1,1,4,2,2,2,6,3,2,2,0,3,2,3,2,1,1,1
16184,33,10,1,612,6,22578,922,1,95,19,0,1,4,1,4,5,3,0,5,3,4,3,2,3,0,5,2,1,0,0
2600,20,1,11,1016,1,18275,1097,0,98,15,1,0,1,4,1,0,1,0,6,3,2,1,2,3,2,3,2,1,0,1
6834,28,7,1,1927,7,19255,783,1,42,12,1,7,2,3,1,7,4,0,7,3,2,3,2,1,1,2,1,2,1,0
6728,50,12,1,2044,6,14255,878,2,94,12,0,3,2,2,7,1,3,0,7,3,3,4,3,1,0,4,1,2,1,1
17048,46,28,2,1204,26,24097,1402,0,69,23,0,15,4,3,8,9,1,15,3,3,3,1,2,2,1,3,2,2,0,0
4213,37,10,10,1809,10,4992,370,0,58,15,0,3,2,4,1,8,1,0,4,1,3,2,4,3,2,4,2,1,1,1
9950,34,11,23,590,3,11533,988,3,43,15,1,2,3,2,9,2,1,0,1,3,3,3,2,0,0,3,1,0,0,1
5486,48,15,7,1466,2,24795,1221,3,96,11,0,2,2,3,4,2,1,2,7,3,3,1,3,2,0,3,2,2,1,0
2153,36,8,18,286,8,7703,635,0,73,13,0,1,1,2,1,7,4,1,2,3,3,1,2,3,2,1,1,1,0,0
13744,37,16,10,2017,16,15471,161,1,42,25,1,11,3,3,1,8,4,6,5,3,4,1,2,1,1,3,2,1,0,0
2686,33,10,1,780,10,5207,527,0,63,13,1,9,1,4,1,8,4,7,6,2,3,3,2,4,2,4,2,1,1,1
4284,37,16,7,1885,5,13588,783,1,78,22,1,3,2,4,5,4,1,0,6,3,3,3,2,3,1,4,2,1,1,0
12490,51,16,8,296,10,15736,1469,2,81,16,0,9,3,2,5,7,2,4,5,1,2,4,5,1,1,4,2,1,1,0
1416,21,1,10,1079,1,17258,1334,0,36,13,0,0,1,3,1,0,1,1,2,2,2,1,6,1,2,3,2,1,0,1
4723,29,10,3,1586,10,16213,1370,0,87,18,1,9,1,2,1,5,1,1,2,3,3,4,3,3,2,1,2,1,1,0
4507,49,8,11,1757,5,8191,1313,0,80,12,0,1,2,4,3,4,4,0,7,4,3,3,1,2,2,4,2,2,0,0
2472,22,1,7,1878,1,26092,391,0,75,23,1,0,1,4,1,0,2,0,6,3,3,1,2,1,2,1,2,1,1,1
2339,56,14,7,2032,10,3666,310,1,72,11,0,9,1,4,8,8,3,9,2,1,3,4,4,5,1,2,2,1,1,1
2302,31,3,1,1331,3,8319,1060,0,54,11,1,2,1,4,1,2,2,2,8,4,3,1,2,1,2,3,1,2,0,1
1081,30,1,9,1876,1,16019,945,0,89,13,0,0,1,2,1,0,4,0,8,2,3,3,3,3,2,3,2,2,1,1
4400,25,6,9,1439,3,15182,383,0,68,12,0,2,1,1,3,2,1,2,8,3,2,1,2,1,1,2,2,2,1,1
15972,47,29,2,1676,3,21086,1225,3,47,14,0,2,4,2,6,2,2,1,3,3,4,3,2,1,0,4,2,2,0,0
2936,44,6,10,1200,6,10826,1097,0,96,11,1,4,1,3,1,2,3,0,6,3,3,3,4,1,2,4,2,1,1,1
6322,32,6,9,679,6,18089,646,1,92,12,1,4,2,1,1,5,4,0,6,2,3,4,2,1,1,4,2,1,0,0
8966,35,15,17,1218,7,21026,1361,3,94,15,1,7,2,3,3,7,1,1,7,3,3,4,2,1,1,4,2,2,1,0
7457,40,6,1,453,4,13273,1124,3,57,22,1,3,2,2,2,2,4,0,7,2,1,3,2,3,1,2,2,2,1,0
1420,18,0,3,405,0,25233,230,0,54,13,0,0,1,3,1,0,3,0,2,3,3,3,2,1,2,3,2,1,1,1
2119,29,7,8,454,7,4759,318,0,77,11,1,7,1,2,1,7,1,0,2,2,1,4,4,4,1,4,2,1,1,1
3055,33,11,4,1771,9,6194,775,2,90,15,0,8,2,4,5,7,2,1,6,2,3,4,2,5,0,3,0,1,1,0
5743,44,14,1,1642,10,10503,602,0,37,11,1,7,2,1,4,2,4,0,1,3,3,3,3,0,1,5,1,0,1,0
4788,35,4,16,1886,3,25388,219,0,44,11,1,2,2,4,0,2,2,0,4,3,2,4,2,4,1,2,2,1,0,0
7654,49,9,11,840,9,5860,1184,2,43,18,0,8,3,3,1,7,4,7,7,4,3,1,3,2,1,3,2,2,0,1
1102,19,1,2,243,1,9241,303,0,47,22,0,0,1,2,1,0,4,1,2,2,2,3,3,1,2,3,2,1,1,1
7945,40,18,16,1641,4,19948,448,0,84,15,1,2,3,3,6,3,4,3,4,2,3,4,2,1,2,3,2,1,0,0
16555,52,31,4,546,5,10310,1490,0,30,13,0,2,4,4,2,4,4,1,3,1,3,4,2,1,1,2,2,1,0,0
10854,50,20,28,2055,3,16586,410,1,39,13,1,2,3,4,4,0,1,2,7,3,2,2,3,2,0,3,2,2,1,1
2501,31,1,1,95,1,18775,1082,0,87,17,0,1,1,3,1,0,2,1,6,3,3,2,4,3,2,4,2,1,1,0
1601,23,1,6,811,0,3445,1243,2,63,21,1,0,1,3,1,0,1,0,2,3,4,3,2,1,1,3,2,1,1,1
10096,46,28,9,1457,7,15986,377,1,52,11,0,7,3,1,4,3,4,4,7,4,3,1,1,2,0,3,2,2,1,1
2279,27,7,9,260,7,11781,894,0,99,16,0,7,1,4,1,3,2,0,6,2,3,4,2,3,2,3,2,1,0,0
2028,28,6,24,19,4,12947,103,0,50,14,1,2,1,3,5,3,3,0,2,3,2,2,4,1,2,3,2,1,1,1
4941,52,11,8,433,8,17747,723,0,85,15,0,2,2,3,2,7,2,7,6,2,2,1,3,3,1,4,2,1,1,1
13206,38,20,10,2015,18,3376,201,1,99,12,0,16,3,2,3,11,3,1,5,3,1,1,3,3,1,3,2,1,0,0
18722,55,36,14,254,24,13339,692,0,61,11,0,15,5,3,8,15,2,2,5,3,4,4,3,3,2,4,2,1,1,0
2693,21,1,18,923,1,8870,1427,0,65,19,0,0,1,4,1,0,4,0,6,2,3,1,3,4,2,1,2,1,0,1
6180,25,6,26,781,6,22807,883,0,32,23,0,5,2,3,1,4,4,1,7,2,3,2,5,3,2,1,2,2,0,0
5033,44,10,1,1903,2,9364,170,1,78,15,0,0,2,2,2,2,1,2,0,3,4,4,5,1,1,4,2,1,1,0
5677,40,15,2,1986,11,4258,444,1,92,14,0,8,2,2,3,10,2,5,7,3,3,3,4,2,1,2,2,2,0,0
16959,43,25,26,158,25,19494,394,2,92,12,1,12,4,3,1,12,4,4,3,4,3,4,3,1,1,2,1,2,1,0
3482,52,16,29,2019,9,19788,585,2,40,15,0,8,1,1,2,0,4,0,8,2,3,2,3,1,0,4,0,2,1,0
9854,28,6,13,1933,2,23352,1475,0,84,11,1,0,2,4,3,2,3,2,7,3,3,4,0,2,2,2,2,2,0,1
4262,29,8,19,611,3,22645,232,2,34,12,0,2,2,4,4,2,4,1,4,4,3,2,2,5,0,3,2,1,1,0
1569,18,0,3,1624,0,18420,544,0,70,12,1,0,1,2,1,0,4,0,8,4,3,3,2,3,2,2,1,2,0,1
2451,41,13,14,227,9,4609,465,1,56,12,0,8,1,1,4,8,3,1,6,3,3,1,2,1,0,3,2,1,1,0
2148,26,6,20,1818,5,6889,920,0,69,11,1,1,1,4,0,4,2,1,1,3,3,3,3,3,1,2,2,0,0,1
2207,28,4,15,1102,4,22482,895,1,50,16,0,2,1,1,1,2,3,2,2,2,3,4,5,1,0,2,2,1,1,0
2272,23,5,20,1533,4,24812,507,0,97,14,0,3,2,1,0,2,3,1,2,3,3,2,2,1,2,1,2,1,1,0
14814,53,32,7,730,5,13514,970,0,59,19,0,1,4,3,3,3,3,1,5,3,4,3,3,1,1,3,2,1,1,0
7264,30,10,8,982,8,9977,231,1,62,11,0,4,3,3,5,7,3,7,7,4,3,1,2,4,0,2,2,2,1,0
2587,56,5,24,1907,4,10261,1162,0,97,16,0,2,1,1,1,0,4,1,2,3,3,4,3,1,2,2,2,1,1,1
2210,24,1,17,1219,1,3372,984,1,97,13,0,0,1,4,1,0,2,0,2,1,3,1,3,1,1,2,2,1,0,1
2439,29,1,24,1868,1,14753,459,0,73,24,1,0,1,4,1,0,4,1,6,2,2,2,3,1,2,2,1,1,1,1
4425,35,10,2,269,6,15986,138,0,37,11,0,2,2,2,5,2,2,1,2,3,3,4,5,3,2,3,1,1,0,0
3131,29,10,6,1192,10,26342,1401,1,54,13,0,8,1,2,1,8,4,0,2,3,3,1,5,3,1,1,2,1,0,0
19973,41,21,7,1035,21,20284,247,2,55,22,0,16,5,2,1,10,3,5,5,3,1,2,3,1,0,1,0,1,0,0
10169,53,34,2,1572,33,14618,607,1,78,16,0,7,3,3,0,9,4,1,4,3,2,2,4,5,1,5,2,1,0,1
5993,41,8,1,1,6,19479,1102,0,94,11,1,4,2,2,8,5,4,0,7,1,3,1,0,1,2,2,2,2,0,1
6653,36,7,1,479,1,15276,845,0,45,15,0,0,2,4,4,0,4,0,7,3,3,2,6,3,2,5,0,2,0,0
2741,26,8,17,608,7,22808,426,1,58,11,1,7,1,2,0,0,3,1,1,2,3,2,2,1,0,4,1,0,0,1
3894,22,4,4,593,2,9129,1368,0,99,16,0,2,1,3,5,2,3,1,2,3,2,3,3,5,2,1,1,1,1,1
6781,42,14,2,477,1,17078,1332,0,98,23,0,0,2,1,3,0,4,0,0,3,2,2,6,4,2,4,2,1,1,0
1009,20,1,10,701,1,26999,1362,0,32,11,1,0,1,4,1,1,3,1,6,3,3,4,5,3,2,1,2,1,1,1
2461,51,18,4,1081,10,10332,1323,3,34,12,1,0,1,1,9,7,3,2,6,4,3,3,2,1,1,4,2,1,1,1
2760,29,2,9,1752,2,14630,428,0,52,13,0,2,1,2,1,2,2,2,8,3,1,3,3,2,2,3,2,2,0,1
7525,53,30,2,1050,15,23537,124,1,38,12,0,7,3,3,2,12,2,6,7,3,2,1,2,2,1,3,1,2,0,0
5674,36,11,24,419,9,6927,1105,1,47,15,0,8,2,2,7,8,2,0,2,3,3,3,3,1,1,4,0,1,0,0
8380,33,10,10,1268,9,21708,536,2,82,14,1,8,3,4,0,8,3,0,7,3,4,4,3,2,0,5,2,2,1,0
4639,36,17,7,1362,15,2261,607,1,83,16,0,7,2,1,2,13,1,6,7,2,4,4,2,2,1,3,1,2,0,0
3537,55,8,22,1694,4,23737,1441,1,94,12,0,2,1,1,5,2,2,1,6,3,2,4,1,5,0,3,2,1,1,0
3348,33,10,3,702,10,3164,1076,0,70,11,1,8,1,1,1,7,1,9,6,3,3,1,3,1,2,3,1,1,1,1
2362,44,10,3,1333,3,14669,935,0,89,12,0,2,1,1,4,2,1,1,2,4,3,3,4,1,1,3,2,1,1,1
6032,41,8,6,466,5,10110,483,0,95,15,1,4,2,4,6,2,2,1,4,3,2,4,3,3,2,3,2,1,1,0
5488,33,6,1,998,6,20161,827,1,84,13,1,5,2,3,1,2,2,1,0,3,4,1,2,4,1,4,1,1,0,0
13237,40,22,6,601,20,20364,302,0,75,15,0,6,4,2,7,13,3,5,4,3,3,3,3,1,2,3,2,1,0,0
7639,29,10,27,283,10,24525,121,3,35,22,0,4,3,2,1,9,4,1,7,2,3,4,3,2,1,3,2,2,0,1
2404,39,8,6,932,2,4303,1122,0,70,21,1,2,1,4,7,2,1,2,2,1,3,4,2,3,1,3,2,1,1,1
10482,44,24,1,1098,20,2326,1376,1,91,14,0,6,3,2,9,6,1,3,1,3,2,4,1,3,1,2,2,0,1,1
3633,45,9,23,1002,9,14039,248,1,42,15,1,8,2,4,1,8,1,0,2,3,3,3,2,1,1,2,0,1,1,0
4089,42,10,2,659,10,5718,622,2,81,13,0,2,2,3,1,2,4,2,0,3,3,2,4,1,1,4,2,1,0,0
4404,34,6,8,2068,4,10228,628,0,82,12,0,3,2,2,2,2,3,1,2,4,4,1,3,3,1,3,2,1,1,0
16835,55,37,18,597,10,9873,1117,0,83,23,0,9,4,1,3,7,2,7,3,3,3,4,2,1,2,5,2,2,0,0
4707,32,6,11,631,4,23914,1474,0,60,12,0,2,2,4,8,2,3,1,7,3,4,4,2,4,1,4,0,2,1,1
1675,19,0,22,167,0,26820,528,0,50,19,1,0,1,4,1,0,3,0,8,2,3,4,2,2,2,1,2,2,1,1
5441,51,11,21,120,10,8423,632,0,71,22,1,7,2,3,0,0,4,1,7,1,3,4,2,2,2,4,2,2,1,0
2705,35,6,23,1826,5,9696,185,1,91,16,0,4,1,2,0,3,3,0,2,4,1,2,2,3,1,4,2,1,1,0
10252,36,17,1,1237,7,4235,363,1,77,21,1,7,3,3,2,7,1,7,4,3,1,3,2,5,0,3,2,1,0,0
4779,28,8,2,846,8,3698,760,0,81,20,1,7,2,2,1,5,2,7,7,3,3,1,2,2,1,4,2,2,0,0
3172,24,4,9,1494,0,16998,381,0,89,11,1,0,1,2,2,0,1,0,2,2,3,3,2,3,2,3,1,1,1,1
3346,58,9,9,214,1,11873,1145,1,75,20,1,0,1,2,4,0,2,0,6,2,2,2,3,3,1,3,2,1,0,0
7553,29,9,14,1421,8,22930,337,0,84,12,1,7,3,3,0,7,4,7,0,3,3,1,1,4,2,1,1,1,0,1
2398,22,1,8,1783,1,15999,1294,0,79,17,1,0,1,3,1,0,1,0,2,3,3,3,6,3,1,1,2,1,0,1
4999,24,4,3,128,3,17519,1353,1,33,21,0,2,2,1,0,2,3,0,7,2,3,1,2,4,1,2,2,2,0,0
2174,21,3,1,478,3,9150,756,0,99,11,1,2,1,1,1,2,2,1,8,3,2,3,3,5,2,1,1,2,0,1
3067,31,3,2,1996,2,6393,1154,1,54,19,0,2,1,1,0,2,3,1,8,3,3,3,1,1,1,2,2,2,1,0
1483,19,1,3,201,1,16102,1181,0,79,14,0,0,1,2,1,0,2,0,2,3,3,4,3,3,2,1,2,1,0,0
7880,39,9,2,985,8,2560,903,0,41,18,0,7,3,1,0,7,3,0,7,3,4,4,3,1,2,5,2,2,1,0
2323,22,2,19,217,2,11992,1256,2,80,24,0,2,1,3,1,2,4,2,6,3,3,1,6,3,1,1,2,1,1,0
2285,30,3,4,514,1,3427,464,0,40,23,1,0,1,3,9,0,4,0,6,3,3,3,4,5,2,3,1,1,1,1
9824,31,12,20,587,1,22908,534,0,66,12,0,0,3,1,3,0,3,0,0,3,3,1,2,1,1,3,1,1,1,1
4490,34,14,11,1289,10,21833,648,2,56,11,0,9,2,3,4,8,2,1,1,4,2,4,5,1,1,3,1,0,1,0
7725,33,15,6,692,13,5335,1296,1,30,23,0,11,2,3,3,7,4,4,0,1,3,3,2,1,0,3,1,1,1,0
2062,29,11,7,1883,3,19384,592,0,59,14,0,2,1,4,3,2,1,1,2,3,3,2,2,1,2,3,2,1,1,0
5593,45,15,9,1117,15,17970,1050,1,65,13,0,10,2,2,1,12,3,4,7,3,2,4,2,1,1,4,0,2,0,0
3291,29,8,10,1143,7,17940,490,2,61,14,0,5,1,4,0,1,2,1,6,2,3,4,2,1,0,3,1,1,0,0
11916,30,9,17,1321,9,25927,634,2,95,23,1,1,3,2,1,8,1,0,3,3,3,4,2,3,1,4,2,1,0,0
2821,38,8,3,1060,2,2997,1186,1,44,16,0,2,1,3,3,2,3,2,6,3,3,1,2,4,1,4,1,1,1,0
10400,32,14,4,291,14,25812,1045,0,32,11,0,8,3,4,1,8,4,9,7,2,1,3,2,3,1,4,2,2,1,1
7336,29,11,23,1165,11,11162,408,1,45,13,0,8,3,4,1,10,1,3,7,1,2,1,3,1,1,1,2,2,0,1
8639,25,6,28,183,2,24835,959,0,41,18,0,2,2,1,2,2,3,2,7,3,2,4,3,1,1,3,2,2,1,0
9362,35,10,18,1412,2,19944,200,0,60,11,0,2,3,3,2,2,4,2,4,3,3,3,2,1,2,2,1,1,1,0
2799,33,6,1,939,3,3339,1198,0,100,11,1,2,1,3,3,2,1,0,6,3,2,2,1,4,2,4,2,1,1,0
10650,51,18,8,179,4,25150,1150,0,53,15,0,2,3,1,2,3,4,0,4,3,1,4,2,1,2,4,1,1,1,1
2422,30,4,5,1017,3,25725,109,0,60,17,0,2,1,2,0,2,2,1,2,3,3,1,3,3,2,3,1,1,0,1
17584,53,21,3,386,5,21016,1070,3,45,16,1,3,4,3,3,3,3,1,5,2,3,4,5,3,1,4,2,1,1,0
5562,43,12,1,902,5,21782,422,1,33,13,0,2,2,4,4,2,4,2,0,2,3,2,2,1,1,3,1,1,0,0
8853,29,6,2,1590,6,24483,995,1,87,19,0,4,2,1,1,3,4,1,0,4,3,4,0,1,0,1,1,1,1,0
5460,31,13,6,653,7,6219,525,2,66,22,0,7,2,1,4,7,4,5,7,4,4,4,4,3,0,4,2,2,1,0
3978,31,4,4,1916,2,16031,471,1,62,12,0,2,1,1,8,2,3,2,2,2,4,2,0,3,0,3,2,1,0,0
4257,56,19,8,241,2,13939,713,1,67,18,1,2,1,3,4,2,1,2,6,3,3,3,3,1,0,3,2,1,0,0
3660,28,10,10,1097,8,7909,857,0,59,13,0,7,2,3,3,7,3,1,6,4,3,4,4,4,2,3,2,1,0,0
13120,49,22,8,1138,9,11879,174,1,56,17,0,8,4,4,6,3,2,2,7,3,2,2,3,5,1,4,2,2,1,0
2342,44,6,1,1792,5,11092,429,3,99,12,1,3,1,3,1,3,2,2,6,2,3,3,2,3,0,2,1,1,1,1
13758,42,22,12,1167,21,2447,481,0,44,12,1,9,4,3,0,14,1,13,7,2,3,2,2,1,2,3,1,2,1,1
6397,47,8,27,785,5,10339,719,0,77,12,1,4,2,2,4,3,3,1,7,3,4,4,2,1,2,2,1,2,0,1
6673,38,17,29,282,1,11354,1180,0,70,19,1,0,2,2,7,0,1,0,0,3,3,2,2,3,1,1,2,1,1,1
10609,37,17,1,970,14,14922,625,0,46,11,0,1,3,1,5,7,3,11,7,1,2,3,2,1,1,4,2,2,1,1
2127,41,7,5,1448,4,5561,1283,0,90,12,1,2,1,2,2,3,3,0,6,2,4,1,5,3,1,5,2,1,1,0
5744,25,6,5,142,6,26959,240,0,46,11,1,4,2,3,1,3,3,0,7,3,2,4,1,2,2,3,2,2,1,1
2759,42,7,19,752,2,20366,933,0,57,12,1,2,1,3,6,2,3,2,6,3,4,4,2,3,0,3,1,1,1,1
19545,41,23,12,58,22,16280,1360,0,49,12,0,15,5,2,1,8,3,15,5,3,3,4,0,5,1,3,2,1,0,1
2073,37,7,6,133,3,23648,807,0,63,22,1,2,1,3,4,2,1,0,1,3,3,4,3,0,0,4,2,0,1,1
2366,26,8,5,848,8,20898,887,1,88,14,1,7,1,3,1,7,3,1,6,3,2,1,2,3,1,2,1,1,0,1
3464,28,5,2,440,3,24737,1157,0,84,13,1,2,1,1,5,2,4,2,6,2,1,4,4,3,1,4,2,1,1,1
6500,34,6,8,808,3,13305,1111,1,93,17,0,2,2,3,5,2,1,1,7,3,3,2,1,1,1,2,2,2,0,0
14275,53,33,23,901,12,20206,102,0,72,18,0,9,4,4,6,8,4,3,5,3,3,3,0,1,2,4,2,1,0,0
5346,43,7,9,1188,4,9489,1372,0,85,13,0,3,2,1,8,3,3,1,7,2,1,2,2,2,2,3,2,2,0,1
5762,35,15,2,1804,7,24442,1180,1,90,14,0,7,2,2,2,7,4,1,4,3,3,3,6,3,0,2,0,1,1,0
3041,27,5,2,667,4,16346,1420,1,85,11,0,3,1,3,0,2,1,0,8,3,3,2,3,2,0,1,2,2,1,1
7119,33,9,5,1099,3,21214,654,1,34,15,0,2,3,4,4,2,4,1,0,3,2,3,2,1,0,3,2,1,1,0
4108,39,18,24,2014,7,5340,116,0,52,13,0,7,2,1,7,7,4,1,6,3,3,1,2,1,2,1,2,1,1,0
7484,51,23,1,145,13,25796,1456,0,30,20,0,12,3,1,3,8,1,12,0,2,2,3,1,3,2,4,1,1,0,0
6074,34,9,7,147,9,22887,658,0,66,24,1,7,2,1,1,6,3,0,2,3,1,4,3,1,2,3,1,1,1,1
6583,31,8,10,1912,5,20115,1079,1,86,11,1,2,2,3,2,4,4,1,7,3,3,4,2,3,0,2,2,2,0,0
8161,31,10,16,1761,1,19002,1079,3,70,13,0,0,3,1,2,0,3,0,7,3,3,1,2,2,1,4,2,2,1,1
3140,41,4,20,248,4,21728,1356,0,70,22,1,3,1,2,1,2,2,0,8,2,3,4,5,2,2,2,2,2,0,1
3441,28,2,5,65,2,11179,1434,0,50,13,1,2,1,3,1,2,3,2,2,2,3,3,3,5,2,4,2,1,1,1
8926,46,13,21,1821,9,10842,261,1,66,22,0,7,2,4,4,7,2,3,0,4,3,4,2,3,1,2,2,1,0,1
6172,31,12,6,163,7,20739,249,0,76,18,1,7,2,2,4,7,3,7,7,2,1,2,3,1,1,4,2,2,1,1
10502,54,33,1,1245,5,9659,966,1,53,17,0,4,3,4,7,4,3,1,4,1,3,1,2,1,0,4,1,1,0,0
4577,24,4,3,720,2,24785,693,0,65,14,0,2,2,1,9,0,3,2,7,3,3,1,3,1,2,2,2,2,0,1
4171,22,4,3,926,3,10022,617,1,34,19,1,2,2,2,0,2,3,0,4,4,3,1,3,1,1,1,2,1,0,1
1904,18,0,8,1156,0,13556,247,0,80,12,0,0,1,3,1,0,3,0,2,3,3,4,0,3,2,1,0,1,1,1
8237,39,11,6,1588,7,4658,1462,1,38,11,0,6,3,4,2,6,3,7,7,3,4,1,3,3,1,3,2,2,1,0
2380,58,3,2,918,1,13384,781,1,57,14,1,0,1,4,9,0,4,0,2,2,2,4,3,1,0,1,1,1,1,1
18824,45,26,2,1277,24,2493,1449,0,94,16,1,10,5,1,2,11,2,1,3,3,1,1,2,2,2,3,2,2,0,1
2293,26,1,25,55,1,10558,1357,0,48,12,0,0,1,1,1,1,3,0,2,2,1,3,2,1,2,3,2,1,1,1
2109,31,8,8,1461,3,24609,1398,0,96,18,0,2,1,4,9,2,2,0,1,3,4,4,3,3,2,2,2,0,0,0
4766,41,6,12,1158,1,9051,167,1,46,11,1,0,1,2,3,0,4,0,2,3,3,1,4,1,1,4,2,1,1,0
2132,30,7,22,1004,5,11539,138,0,48,11,1,2,1,1,4,1,3,0,6,3,3,2,2,1,1,3,2,1,0,1
3743,35,5,14,1010,4,10074,622,1,39,24,1,2,1,3,1,2,2,0,2,1,2,4,2,4,0,4,2,1,1,1
9619,46,9,9,118,9,13596,669,0,64,16,0,8,3,3,1,7,4,4,7,3,2,4,3,3,2,2,2,2,1,1
19331,50,27,9,1591,1,19519,264,1,59,16,1,0,5,3,4,0,3,0,3,3,3,3,2,2,1,3,2,2,1,0
13194,40,22,24,986,1,17071,1479,0,100,16,1,0,4,2,4,0,2,0,7,2,4,4,2,1,2,3,0,2,0,1
2074,35,1,2,1569,1,26619,104,1,69,12,1,0,1,1,1,0,1,0,2,3,3,4,2,1,0,3,2,1,0,1
2377,26,1,21,1107,1,19373,1330,1,37,20,0,1,1,1,1,0,3,0,2,2,3,3,0,3,0,3,2,1,1,1
3646,39,11,2,1458,1,17181,592,0,54,23,1,0,1,1,2,0,1,0,2,4,2,2,2,1,2,3,0,1,0,1
2121,19,1,21,959,1,9947,419,0,37,13,1,0,1,4,1,0,2,0,8,4,2,2,3,4,2,3,2,2,1,1
5304,34,9,19,502,5,4652,1362,0,67,13,1,2,2,1,8,4,4,0,7,2,4,2,3,2,2,3,0,2,1,1
8446,52,10,5,1319,8,21534,1030,0,64,19,1,7,3,2,9,7,2,7,7,2,3,3,2,1,2,3,2,2,1,1
18430,42,24,8,809,24,16225,570,1,66,13,0,7,5,2,1,9,4,14,3,2,3,2,4,1,0,3,1,1,1,0
5433,34,11,3,1658,11,19332,1130,1,66,12,0,8,2,4,1,9,2,7,6,3,3,3,2,1,0,3,2,1,0,0
3388,36,2,9,90,1,21777,318,1,79,17,1,0,1,4,0,0,3,0,6,2,2,1,0,3,1,3,2,1,1,1
2206,30,10,9,41,10,16117,125,0,83,13,0,0,1,4,1,8,3,1,2,3,2,1,5,3,2,2,2,1,1,0
3691,25,7,4,1106,7,4605,1219,1,32,15,1,7,1,4,1,6,4,5,2,4,3,2,3,5,1,1,2,1,1,1
4581,35,13,12,1667,11,10414,880,0,36,24,1,9,2,4,3,7,4,6,7,4,3,1,2,4,2,4,1,2,1,1
2679,21,1,7,1780,1,4567,337,0,31,13,0,0,1,2,1,0,2,1,8,3,3,2,3,2,2,1,2,2,1,1
2238,41,7,9,200,5,6961,933,1,94,21,0,0,1,3,2,4,1,1,2,3,3,4,2,1,1,4,2,1,1,0
19187,55,23,2,1336,19,6992,282,1,58,14,0,9,5,4,4,11,3,9,3,3,1,4,5,3,1,2,2,1,0,0
2367,28,6,17,1960,4,18779,1404,1,32,12,0,1,1,3,5,3,4,0,2,2,2,1,2,5,0,3,2,1,1,1
2810,36,5,9,1949,5,9238,1351,0,66,22,0,4,1,1,1,2,2,0,2,3,4,2,3,1,1,4,0,1,1,0
4787,29,4,1,2027,2,26124,1092,3,36,14,1,2,1,1,9,2,4,2,6,4,3,2,3,3,1,4,2,1,1,1
4648,32,4,10,1853,0,26075,1318,0,79,13,0,0,2,4,8,0,4,0,7,4,3,3,2,2,2,4,1,2,1,0
4284,49,20,28,1420,4,22710,1475,0,97,20,0,3,2,1,3,3,1,1,2,3,2,1,2,1,2,2,1,1,1,1
2455,43,9,10,430,8,10675,185,0,33,19,0,7,1,3,0,7,4,1,2,3,3,1,5,1,2,4,1,1,0,0
4538,34,4,2,1281,3,6039,131,0,86,12,1,2,2,3,0,2,1,0,7,3,3,4,3,2,2,3,2,2,0,0
6201,36,18,1,857,18,2823,928,1,56,14,1,14,2,2,1,11,4,4,7,2,3,4,1,1,1,2,2,2,1,0
5482,51,13,2,408,4,16321,1302,1,84,18,0,1,2,4,5,2,2,1,4,3,1,4,3,3,0,3,2,1,1,0
4162,24,5,4,1445,5,15211,1476,2,42,12,1,4,2,4,1,3,3,0,7,3,3,3,3,3,1,1,2,2,0,0
2696,42,4,2,470,3,24017,544,1,52,11,1,2,1,3,0,0,3,1,1,3,3,3,5,5,0,1,2,0,1,0
2720,29,10,1,710,10,18959,806,1,76,18,0,7,1,2,1,8,4,2,6,3,1,4,5,1,0,4,1,1,1,0
4163,47,9,4,1003,9,8571,955,0,83,17,1,0,2,4,1,7,4,0,7,3,3,3,0,1,2,2,2,2,0,0
4883,32,10,7,1309,10,22845,1089,1,79,18,0,4,2,4,1,1,3,1,2,3,3,1,3,1,1,2,2,1,1,1
2655,48,19,7,1691,9,11740,708,2,95,11,1,7,1,4,2,7,3,7,8,3,3,3,3,3,1,2,1,2,0,1
8224,33,6,9,1157,5,18385,603,0,77,17,1,2,2,1,0,3,1,0,7,3,3,1,3,2,2,4,2,2,0,1
1091,29,1,24,1928,1,10642,746,0,45,17,0,0,1,3,1,0,1,0,8,3,4,4,3,5,2,3,1,2,1,1
10527,46,28,18,624,2,8984,1034,0,86,11,0,2,3,1,5,2,3,1,0,2,3,4,3,3,1,1,1,1,0,0
4963,56,7,14,161,5,4510,441,3,72,18,1,4,1,2,9,3,2,4,6,3,3,1,2,1,1,4,2,1,0,1
4591,47,11,14,1503,5,24200,571,1,78,17,1,4,2,3,3,2,3,1,7,2,3,3,4,3,1,3,2,2,0,0
4537,47,8,2,903,7,17783,249,1,35,22,1,6,2,3,0,7,4,7,7,3,3,1,2,2,1,2,2,2,0,0
4084,31,7,3,1537,7,4156,561,0,33,12,0,2,1,4,1,7,3,7,6,1,3,1,2,1,2,3,1,1,0,1
10447,41,23,4,1815,22,26458,796,1,81,13,1,14,3,3,0,5,3,13,7,4,3,4,3,2,0,1,2,2,0,0
2432,32,8,5,1939,4,15318,238,0,47,14,1,1,1,1,3,3,3,0,6,3,4,1,2,1,2,2,1,1,0,1
9355,41,8,4,488,8,9558,143,0,56,18,0,7,2,1,1,7,2,7,7,3,3,3,5,2,2,3,1,2,1,1
4051,48,14,2,595,9,19658,163,1,37,14,0,7,2,2,2,7,4,6,7,3,3,1,2,2,1,5,2,2,0,0
2022,35,10,25,881,10,16612,130,1,96,19,1,2,1,4,1,8,2,7,6,2,3,1,3,1,0,4,1,1,0,1
6833,31,6,11,1251,6,17089,1332,0,80,12,1,5,2,3,1,1,1,0,0,2,3,4,2,3,1,2,2,1,1,0
3202,24,6,1,554,5,21972,1448,0,62,16,1,3,1,1,1,4,2,1,8,3,3,2,4,5,2,1,2,2,0,1
2107,41,5,5,1210,1,20293,906,1,95,17,0,0,1,1,6,0,1,0,6,1,2,1,2,1,0,2,0,1,1,1
2566,27,1,3,224,1,25326,1450,1,79,15,1,1,1,3,1,1,3,0,6,2,2,4,2,3,0,3,0,1,1,0
9069,35,9,18,74,9,11031,853,1,71,22,0,8,3,2,1,8,1,1,7,2,3,4,3,1,1,5,1,2,1,0
9738,36,10,11,154,9,22952,1467,1,92,14,0,7,3,2,0,8,4,2,7,3,3,3,6,5,1,2,1,2,0,0
4834,36,9,15,1052,1,7858,660,1,81,14,0,0,2,1,7,0,3,0,2,2,3,2,3,4,0,3,2,1,1,1
2389,29,4,18,315,4,14961,896,0,86,13,1,3,1,3,1,1,4,0,6,2,2,3,3,3,2,1,2,1,1,1
13503,40,22,1,119,22,14115,530,1,78,22,0,3,4,3,1,11,2,11,0,2,2,4,3,1,1,4,1,1,1,0
2141,30,6,7,1609,6,5348,241,1,48,12,0,4,1,2,1,1,2,1,6,2,2,2,3,3,1,3,2,1,1,0
2926,20,1,6,137,1,19783,871,0,66,18,1,0,1,4,1,0,4,1,2,3,2,2,5,1,2,3,1,1,0,1
2436,33,8,14,325,5,22149,813,1,58,13,1,4,1,3,5,4,4,0,2,1,3,3,2,3,1,3,2,1,1,1
8500,34,10,9,1344,9,5494,943,1,86,11,0,7,3,4,0,6,4,1,0,2,3,4,0,1,0,3,2,1,1,0
3485,28,5,2,364,0,14935,529,0,79,11,0,0,1,1,2,0,3,0,2,1,3,3,5,1,2,4,2,1,1,1
4998,32,10,2,1235,8,2338,1316,0,38,14,1,7,2,4,4,7,3,0,6,3,3,4,2,1,2,2,1,1,0,0
2321,31,4,9,991,3,10322,335,0,46,22,1,2,1,3,0,2,1,1,6,3,2,1,0,3,2,2,0,1,1,1
3161,44,19,24,392,1,19920,920,1,43,22,1,0,1,4,3,0,3,0,2,1,3,4,0,1,0,3,1,1,1,1
4449,37,15,25,529,13,23866,1063,2,72,15,1,11,2,2,3,7,3,10,6,3,3,1,2,3,1,5,0,1,0,0
2362,29,11,1,1522,9,7568,224,0,100,13,0,7,1,1,6,7,1,0,6,1,2,3,2,5,2,4,2,1,1,1
16627,43,21,6,661,1,2671,782,1,50,14,1,0,4,2,4,0,4,0,5,2,2,3,3,4,0,4,2,1,1,0
19246,58,40,2,825,31,25761,286,0,31,12,1,15,5,4,7,8,2,13,5,3,3,4,2,1,2,4,2,1,1,1
8392,41,10,1,534,10,19566,645,1,49,16,0,7,3,2,1,7,1,0,7,3,4,3,2,2,1,3,2,2,1,0
18789,46,26,4,1280,11,9946,168,1,33,14,0,4,5,4,2,8,2,0,3,3,2,3,2,2,1,2,2,2,0,0
19845,52,33,2,1038,32,25846,266,1,57,15,0,14,5,1,1,9,4,6,3,3,1,4,3,2,1,1,2,2,0,1
4233,31,9,13,650,3,11512,1365,0,46,17,0,1,2,2,2,2,1,1,7,1,3,3,2,3,0,4,2,2,1,1
4382,28,5,2,828,2,16374,890,0,46,17,0,2,1,3,6,1,3,2,6,2,3,4,3,3,2,4,2,1,1,1
3339,29,10,7,1299,7,17285,806,2,39,13,1,7,1,2,3,7,3,7,2,3,3,1,2,5,0,3,2,1,0,1
17068,39,21,10,429,21,5355,117,0,99,14,1,9,4,3,1,10,1,11,3,3,3,4,3,3,1,1,2,1,1,0
4298,27,6,1,274,2,9679,472,1,60,19,0,2,2,3,5,0,1,2,4,3,2,3,1,5,1,1,1,1,1,0
6380,40,8,22,492,6,6110,575,2,68,12,1,4,2,3,2,0,3,1,7,3,2,1,6,2,1,2,2,2,1,1
6553,38,14,2,271,1,7259,1261,0,88,14,0,0,2,4,9,0,3,0,4,3,3,2,3,1,1,4,2,1,1,0
1555,24,1,22,1714,1,11585,240,1,58,11,0,0,1,4,1,0,3,0,1,3,1,3,2,0,1,1,2,0,1,1
2610,31,2,15,1160,2,6233,874,1,72,12,0,2,1,3,1,2,3,2,2,2,3,3,5,3,1,3,1,1,1,1
17465,46,23,3,1124,12,15596,406,1,52,12,0,9,4,1,3,9,3,4,3,3,3,4,3,2,1,1,2,2,1,0
2794,32,5,7,359,5,26062,1311,0,100,20,0,1,1,2,1,3,2,0,2,1,4,3,3,1,1,3,1,1,1,0
6334,37,9,16,868,1,24558,342,2,66,19,0,0,2,4,4,0,3,0,7,3,2,4,2,2,0,4,2,2,1,0
2088,36,13,3,238,8,15062,1480,0,30,12,0,7,1,4,4,2,2,7,2,2,3,3,3,3,2,2,1,1,1,0
5617,31,10,26,1967,10,21075,754,0,63,11,1,7,2,1,1,8,4,0,7,3,3,3,4,2,1,4,1,2,1,1
2743,36,18,16,1042,17,8269,885,0,43,16,0,13,1,3,1,14,1,15,2,3,4,3,1,1,2,4,2,1,0,1
9724,45,25,7,86,1,18787,1339,1,59,17,0,0,3,2,2,0,1,0,6,3,3,3,2,1,0,3,2,1,1,0
3376,41,10,7,1085,10,18863,509,0,43,13,0,6,1,2,1,8,3,0,6,3,4,3,3,5,1,2,2,1,0,0
4434,42,10,29,836,9,11806,933,1,98,13,0,8,2,2,1,8,2,7,4,2,3,4,3,1,1,3,2,1,1,0
2741,36,7,6,1221,7,6865,917,1,60,14,0,7,1,3,1,7,3,1,2,3,1,3,4,1,0,4,2,1,1,0
7403,49,29,8,944,26,22477,527,1,51,11,0,9,3,1,4,7,2,1,2,2,3,3,3,4,1,2,2,1,0,0
9907,32,7,2,1862,2,26186,414,0,82,12,1,2,2,3,7,2,2,2,7,2,2,3,3,2,2,4,2,2,1,1
2244,22,2,11,511,2,24440,253,1,43,13,0,1,1,1,1,2,2,1,6,3,3,4,1,3,1,3,2,1,0,0
1878,18,0,5,614,0,8059,1306,0,69,14,1,0,1,2,1,0,2,0,8,3,3,4,3,2,2,3,1,2,1,1
1261,31,1,8,1433,1,22262,202,0,34,12,0,0,1,1,1,0,2,0,6,4,2,3,3,1,2,3,2,1,0,1
5171,59,13,3,1254,6,16490,326,0,48,17,0,1,2,3,5,5,4,0,7,3,2,4,2,1,2,3,2,2,0,0
19081,46,25,15,1217,4,10849,1450,1,52,11,0,2,5,4,5,3,2,0,5,3,3,1,2,1,1,2,2,1,1,0
6586,36,17,14,924,16,4821,1425,1,68,17,1,8,2,3,0,11,4,4,0,2,3,1,2,1,1,1,2,1,1,0
2657,30,8,3,297,5,8556,1005,0,88,11,1,2,1,4,5,4,1,0,6,3,3,3,5,5,2,3,2,1,0,1
4189,37,5,9,1787,5,8800,589,2,46,14,0,2,2,2,1,3,2,0,7,3,2,1,2,2,1,2,2,2,1,0
5505,33,6,2,1670,6,3921,392,2,93,14,0,2,2,4,1,4,4,0,7,3,3,3,5,3,0,4,2,2,1,0
4508,33,14,29,1101,13,3129,827,0,54,22,0,7,2,1,1,8,3,3,6,3,2,2,4,3,2,4,1,1,0,1
2546,29,6,25,565,2,18300,408,0,71,16,0,2,1,3,5,1,2,1,6,4,2,2,2,5,1,5,2,1,0,1
2909,28,5,1,1486,3,15747,1496,1,92,15,0,2,1,1,3,2,3,1,8,4,3,4,3,5,1,3,1,2,1,1
2479,58,7,2,977,1,26227,289,0,51,24,0,0,1,4,4,0,3,0,6,3,3,1,4,5,2,3,2,1,1,1
9525,37,6,1,1700,6,7677,1278,2,31,14,0,3,2,3,1,3,4,1,7,2,1,3,2,3,0,4,1,2,1,0
16872,46,28,2,363,7,14977,488,1,75,12,1,7,4,3,3,7,2,7,3,2,1,2,2,5,1,3,2,2,0,0
4850,45,8,20,2046,5,23333,374,0,50,15,0,3,2,4,8,1,3,0,7,3,3,3,3,1,2,3,2,2,0,0
5160,55,12,2,842,9,21519,436,0,37,16,0,7,2,3,4,3,4,7,7,2,3,3,3,3,2,1,2,2,1,1
13348,42,18,6,1911,13,14842,1396,1,83,13,0,7,3,3,9,7,1,5,5,4,3,2,3,3,1,3,2,1,1,0
3816,27,5,1,497,5,17881,1469,1,82,11,0,2,1,4,1,4,2,0,2,3,3,2,2,3,0,2,2,1,1,0
2622,33,7,4,305,3,13248,147,0,47,21,0,2,1,3,6,1,2,1,6,3,2,4,3,3,1,4,2,1,0,0
5485,54,9,19,799,5,22670,376,2,95,11,1,3,2,4,9,4,1,1,4,3,3,2,4,3,0,4,2,1,0,0
9667,30,9,10,1816,7,2739,1092,0,64,14,0,7,3,1,9,2,3,0,4,3,3,2,3,3,2,3,2,1,0,0
4014,35,10,21,942,10,19170,1137,1,51,25,1,6,2,4,1,7,4,0,0,1,3,4,2,1,1,1,2,1,0,0
4969,26,7,29,1037,2,21813,265,0,79,18,0,2,2,2,8,2,1,2,7,3,1,4,6,3,2,2,0,2,1,1
2394,27,8,17,1405,8,25681,135,0,51,13,1,2,1,4,1,7,3,7,6,3,3,4,2,1,2,4,2,1,0,1
3452,37,17,10,486,5,17663,921,1,98,20,0,4,1,3,6,3,1,0,2,3,3,2,3,3,1,3,2,1,0,0
2307,34,5,16,1905,5,14460,967,1,85,23,1,2,1,4,1,0,1,3,6,3,1,2,2,5,1,4,0,1,1,1
4200,32,10,9,190,5,10224,1033,0,41,22,0,4,1,1,7,4,1,0,2,4,3,1,2,3,2,3,2,1,0,1
4559,31,4,20,175,2,24788,542,1,71,11,1,2,2,2,3,2,3,2,7,3,1,3,2,1,1,3,2,2,0,1
3375,22,4,1,2007,3,17624,581,0,63,12,0,2,1,4,0,2,3,1,6,4,3,4,2,1,2,2,2,1,1,0
3730,32,4,1,331,3,9571,515,0,62,14,1,2,1,4,0,2,3,1,2,1,2,4,2,1,2,3,2,1,1,1
9094,40,9,25,1318,5,17235,299,0,57,12,1,4,3,4,2,0,2,1,7,3,2,3,2,2,2,4,2,2,1,1
4728,50,5,1,1113,0,17251,959,0,81,14,1,0,2,4,3,0,3,0,7,3,3,4,4,4,2,4,1,2,1,1
1859,19,1,10,1248,1,6148,504,0,96,25,1,1,1,1,1,0,2,0,6,4,2,2,2,3,2,3,0,1,0,1
3919,32,10,16,33,10,4681,1125,0,72,22,1,2,1,2,1,7,1,6,6,3,1,2,5,1,2,1,1,1,0,1
2335,29,4,13,1844,2,3157,350,3,56,15,1,2,1,1,4,0,1,2,1,3,2,4,3,0,0,3,2,0,1,1
2851,33,1,5,485,1,9150,350,0,34,13,1,0,1,4,1,0,3,0,8,3,3,2,2,2,2,3,2,2,0,1
10739,54,22,17,1013,10,13943,1441,1,56,11,0,7,3,3,8,8,3,0,4,3,3,3,2,5,1,3,2,1,0,0
3102,26,7,3,510,6,6582,575,0,73,22,0,4,1,3,0,4,1,0,6,3,3,3,2,5,2,1,1,1,1,1
2018,40,15,9,1534,5,21831,676,0,86,14,0,4,1,4,3,0,1,1,2,1,3,2,3,1,2,4,2,1,1,1
2216,28,10,1,741,7,3872,654,0,67,13,1,7,1,1,7,7,2,3,6,3,1,4,4,1,2,2,2,1,0,1
2058,29,7,1,300,6,19757,992,0,85,14,0,2,1,3,0,5,3,1,6,2,3,4,1,5,2,3,2,1,1,1
3902,39,7,19,1871,2,5141,835,3,41,14,0,2,2,4,8,2,4,2,6,3,3,2,2,4,0,4,2,1,1,0
1611,18,0,1,1368,0,19305,1124,0,97,15,0,0,1,4,1,0,4,0,2,4,3,3,5,1,2,3,0,1,0,0
17875,58,29,21,1938,1,11761,605,1,72,13,1,0,4,4,4,0,4,0,3,2,3,3,2,1,1,3,2,2,0,0
2956,31,2,18,1842,1,21495,359,0,89,17,0,0,1,4,0,0,1,0,1,3,4,3,4,0,1,5,2,0,1,1
12936,47,25,9,1716,23,24164,1093,0,82,11,0,5,4,3,7,10,3,14,7,1,1,3,3,1,1,3,1,2,1,1
2180,30,6,8,1747,4,9732,600,1,66,11,0,2,1,3,6,2,4,1,1,2,2,3,0,0,0,3,1,0,0,1
10231,43,23,4,1293,21,20364,531,0,56,14,0,7,3,4,3,17,4,15,7,4,2,4,3,2,2,4,2,2,0,0
11935,29,10,3,564,10,21526,986,0,93,18,0,2,3,2,1,7,3,0,5,3,2,3,2,3,1,4,2,1,1,0
5775,30,11,28,441,10,11934,1275,2,64,13,0,8,2,4,1,9,4,1,6,3,3,4,2,3,1,2,2,1,0,0
2587,49,17,16,1674,2,24941,464,1,74,16,1,2,1,4,4,2,1,2,2,2,3,2,2,3,0,3,2,1,0,0
6735,32,10,1,1734,0,12147,964,0,34,15,0,0,2,1,6,0,2,0,7,3,1,2,2,1,2,2,2,2,1,1
2858,38,20,1,1961,1,11473,1404,0,59,14,0,0,1,1,4,0,1,0,8,2,2,1,3,1,2,3,2,2,1,0
6179,31,10,22,1389,10,21057,330,2,98,15,1,2,2,4,1,7,3,6,4,2,3,4,3,3,1,4,2,1,1,1
12169,39,21,2,1127,18,13547,203,3,84,11,0,7,4,1,7,5,4,11,0,3,3,4,4,1,0,3,1,1,1,1
2413,25,1,19,952,1,18798,867,3,36,18,1,0,1,3,1,0,2,0,8,3,2,3,2,2,1,2,2,2,1,1
4855,38,7,2,1573,5,7653,903,2,81,11,0,2,2,3,4,4,2,1,4,3,3,1,2,3,1,3,2,1,1,1
2886,24,6,7,647,6,14168,1287,1,55,16,1,3,1,1,1,2,3,1,2,3,3,4,4,1,1,3,1,1,0,1
6389,39,12,3,760,8,18767,141,1,44,15,0,3,2,3,9,6,2,3,1,1,4,3,3,0,1,3,2,0,0,0
4777,37,15,11,1033,1,14382,1141,0,61,15,0,0,2,1,5,0,2,0,0,1,1,1,2,3,1,2,2,1,0,1
8834,37,9,9,626,9,24666,142,1,69,13,0,5,3,1,1,7,2,7,7,3,3,4,6,3,0,4,0,2,1,0
10648,31,13,9,581,13,14394,1274,1,33,25,0,8,3,3,1,8,2,0,4,4,3,4,6,1,0,1,2,1,1,0
3408,33,8,10,584,4,6705,587,3,38,13,0,3,1,1,7,3,4,1,2,3,1,1,2,3,0,1,2,1,1,1
18606,53,26,7,1201,7,18640,1223,1,50,18,0,7,5,4,3,7,3,4,3,3,3,2,6,3,0,2,2,1,0,0
4663,36,7,12,1614,3,12421,559,2,76,12,1,2,2,3,9,1,3,1,4,3,3,2,2,1,1,4,2,1,0,0
10422,32,14,1,2016,14,24032,801,2,48,19,0,10,3,3,1,7,4,5,7,3,3,3,3,2,1,4,2,2,0,0
11244,32,10,10,1516,5,21072,495,0,64,25,0,2,3,3,2,0,4,0,3,4,3,2,5,3,2,3,2,1,1,0
10008,58,31,7,1360,10,12023,601,0,53,14,1,9,3,3,7,9,1,5,4,2,2,4,0,3,1,4,2,1,0,1
3310,28,5,8,395,5,4488,1117,0,66,21,0,3,1,4,1,2,4,0,6,3,3,4,3,1,2,2,2,1,0,0
6134,36,16,13,1733,2,8658,1456,3,96,13,1,2,2,2,5,2,1,2,7,3,2,2,3,2,0,5,2,2,1,1
5813,35,10,27,1797,10,13492,303,0,84,18,1,7,2,3,1,7,4,7,7,3,3,4,2,1,2,3,2,2,1,1
3597,24,6,24,1173,4,6409,477,0,49,22,0,3,1,4,8,2,2,1,2,3,3,4,2,3,2,3,2,1,1,0
4107,37,8,3,1062,4,13848,124,0,35,15,0,3,2,4,3,1,2,0,0,2,3,1,3,4,2,3,2,1,0,0
10445,52,18,7,1118,8,15322,994,0,87,19,0,6,3,2,7,0,2,4,0,3,3,4,4,1,2,4,2,1,1,0
2109,29,1,4,1762,1,10007,590,1,91,13,0,0,1,4,1,0,1,0,6,3,2,3,2,5,0,3,2,1,0,0
3904,39,6,23,1310,5,22154,360,0,93,13,0,2,1,3,0,3,1,0,6,3,3,1,2,3,2,3,2,1,1,1
10221,35,17,7,845,8,18869,950,0,59,21,0,5,3,3,3,6,3,1,4,4,3,2,3,4,2,3,2,1,1,0
1051,18,0,5,1012,0,13493,287,0,73,15,0,0,1,2,1,0,4,0,6,3,3,4,2,1,2,2,0,1,1,0
19859,55,24,2,787,5,21199,725,1,78,13,1,2,5,4,5,4,1,1,3,3,3,4,2,3,1,3,2,1,1,1
2345,40,8,2,1474,3,8045,896,1,68,14,0,1,1,3,2,2,3,1,6,4,3,3,3,3,0,3,2,1,1,0
2325,19,1,1,235,0,20989,602,0,100,21,0,0,1,3,0,0,1,0,8,4,1,1,5,5,2,1,1,2,0,1
1393,32,1,2,1692,1,24852,1259,0,95,12,0,0,1,4,1,0,2,0,2,3,3,1,2,1,2,4,2,1,1,1
2515,28,1,12,1175,1,22955,1485,0,79,11,1,1,1,3,1,0,4,0,2,2,3,4,4,1,1,1,2,1,0,1
2275,23,3,7,1702,3,25103,427,1,99,21,1,2,1,3,1,2,4,0,8,3,3,2,2,1,0,3,2,2,1,1
5472,26,8,2,1018,8,3334,1066,0,32,12,0,7,2,4,1,3,4,1,4,3,4,2,2,3,1,2,2,1,1,0
2351,34,3,6,555,2,12253,296,1,33,16,0,2,1,4,0,0,3,1,8,2,1,4,3,2,0,2,1,2,0,1
4771,38,10,9,1940,5,14293,1206,2,71,19,0,2,1,2,2,3,4,0,6,4,3,4,0,1,0,2,2,1,1,0
6623,29,6,7,1260,6,4204,1329,2,82,11,1,0,2,3,1,0,4,1,0,3,3,2,2,1,0,3,2,1,1,0
2270,45,8,1,996,5,11005,974,2,91,14,0,3,1,4,3,2,4,0,2,3,3,4,2,3,0,4,2,1,0,0
1563,28,1,1,1506,1,12530,1423,1,72,14,0,0,1,1,1,0,3,0,6,1,2,4,2,1,0,3,2,1,1,0
2258,35,10,1,1172,8,16340,982,1,58,12,0,0,1,4,6,7,3,1,2,3,2,2,2,3,1,4,2,1,1,0
4230,35,6,22,577,5,19225,144,0,46,15,0,4,1,4,0,3,3,4,2,3,1,3,2,1,2,3,2,1,1,0
5258,46,7,7,487,1,16044,1144,0,30,14,0,0,2,3,2,0,3,0,4,4,3,3,2,3,1,4,0,1,0,0
13610,33,15,15,582,7,24619,1277,0,56,12,1,6,3,2,7,7,3,7,3,4,3,4,2,3,1,1,2,1,1,1
17169,47,26,2,1443,20,26703,359,2,82,19,0,17,4,1,3,6,3,5,5,4,3,2,2,3,1,4,2,1,0,0
2960,34,8,6,31,4,17102,699,0,83,11,0,2,1,2,2,3,1,1,6,3,3,3,2,3,2,1,2,1,1,1
2319,29,1,1,816,1,6689,805,1,36,11,1,0,1,2,1,0,1,0,2,3,2,4,1,1,1,2,2,1,0,1
7991,46,6,26,1801,2,25166,849,0,98,15,0,2,2,2,8,2,2,2,7,3,2,3,3,1,2,2,0,2,1,0
5381,48,23,1,64,1,19294,626,0,98,13,1,0,3,1,9,0,3,0,2,3,2,4,2,1,2,2,2,1,1,1
3591,28,3,1,1834,3,12719,1217,1,67,25,0,2,1,3,1,2,1,1,6,3,3,3,3,3,1,3,2,1,0,0
5147,33,13,2,1756,11,10697,1283,0,62,15,0,7,2,4,8,7,2,1,7,2,3,4,2,2,2,3,0,2,0,0
4286,45,5,26,684,1,5630,306,2,100,14,0,1,2,1,2,0,1,0,7,3,3,4,4,1,1,4,1,2,0,1
15427,53,31,2,23,25,22021,1219,0,78,16,0,8,4,1,2,7,4,3,3,3,2,3,3,1,1,4,2,2,0,0
3022,37,8,19,61,1,10227,408,0,73,21,0,0,1,2,4,0,2,0,6,3,3,1,1,1,1,2,2,1,1,0
7978,44,10,15,1295,10,14075,621,1,73,11,0,7,3,1,1,5,4,0,0,3,3,4,2,3,1,3,2,1,0,1
2862,30,10,16,1729,10,3811,793,1,33,12,0,0,1,2,1,8,4,0,6,2,3,2,2,1,1,1,2,1,1,0
2323,20,2,9,1077,2,17205,769,0,54,14,1,2,1,4,1,2,4,0,8,3,3,2,3,2,2,3,1,2,0,1
11994,34,13,7,28,12,21293,419,0,53,11,0,6,3,1,0,11,2,2,5,3,3,3,4,1,2,4,2,1,0,0
2086,39,19,5,42,1,3335,895,1,56,14,0,0,2,4,3,0,4,0,8,4,3,3,6,5,1,3,2,2,1,1
10448,53,15,24,1968,2,5843,1168,0,66,13,1,2,3,1,6,2,1,2,7,2,3,2,2,1,2,4,2,2,1,1
2372,42,18,7,1292,1,5628,603,0,78,16,1,0,2,2,6,0,2,0,6,3,4,4,2,3,1,4,2,1,0,0
2561,28,8,2,1504,0,5355,289,0,38,11,0,0,1,3,7,0,1,0,2,2,2,3,2,3,2,2,1,1,1,1
7314,46,14,10,1869,8,14011,1254,3,64,21,0,7,3,3,5,7,2,0,7,3,3,3,2,1,1,3,2,2,0,1
2404,29,3,10,994,0,11479,906,0,92,20,1,0,1,4,6,0,1,0,6,3,2,3,5,1,2,3,2,1,0,1
2716,21,1,12,494,1,25422,156,0,90,15,0,0,1,3,1,0,2,0,8,3,4,4,0,1,2,3,2,2,0,1
2974,29,9,9,1709,5,25412,1082,1,43,17,0,3,1,4,9,2,3,1,2,3,3,3,2,3,1,4,2,1,0,0
5765,29,7,13,1487,5,17485,115,0,51,11,0,3,2,1,5,0,2,0,7,1,3,1,4,5,2,3,1,2,0,1
2785,31,3,2,1379,1,11882,703,0,90,14,0,0,1,3,7,0,4,0,8,4,2,3,3,1,2,3,1,2,0,1
13496,45,21,20,372,20,7501,1385,0,79,14,1,7,4,3,0,10,4,4,0,3,3,2,2,3,1,2,2,1,1,0
2625,21,2,10,1279,2,25308,251,0,45,20,0,2,1,1,1,2,3,2,2,1,2,3,2,1,2,2,1,1,0,1
9582,35,9,4,1100,8,10333,1204,0,86,22,1,7,3,4,0,7,1,4,7,3,3,1,2,5,2,3,2,2,1,1
1790,23,1,9,2023,1,26956,638,1,33,19,0,0,1,4,1,0,1,1,8,2,3,1,3,2,1,3,1,2,1,1
11849,47,10,29,376,10,10268,666,1,88,12,1,7,3,1,1,9,2,9,3,2,3,4,2,1,1,4,0,1,1,1
10552,58,24,5,940,6,9255,1272,1,37,13,1,0,3,3,2,4,2,0,0,3,2,4,3,5,0,3,2,1,0,0
2795,32,1,25,911,1,18016,374,0,87,24,1,0,1,1,1,1,4,0,2,1,3,3,2,1,2,4,2,1,1,1
10976,55,23,2,1096,3,15813,1091,1,65,18,0,2,3,4,3,2,2,1,4,3,3,2,4,1,1,1,1,1,1,0
10312,58,40,23,165,40,3465,147,1,94,12,0,10,3,4,1,6,4,15,0,2,3,4,3,3,1,4,2,1,0,1
2835,36,7,3,155,1,2561,922,1,39,22,0,0,1,1,5,0,4,0,2,3,3,1,2,1,0,2,2,1,0,0
9613,39,19,1,417,18,10942,1132,3,48,17,0,10,3,3,0,7,4,3,0,2,4,1,5,3,0,3,2,1,1,0
2044,20,2,2,922,2,22052,500,0,49,13,0,2,1,3,1,2,3,0,8,2,2,4,3,3,2,3,2,2,0,1
3479,31,6,29,355,5,11652,307,0,71,11,0,4,1,3,0,4,2,1,2,4,2,2,2,3,2,2,1,1,1,1
2290,44,6,17,1206,0,4279,111,0,74,13,0,0,1,4,2,0,3,0,6,3,1,4,3,1,2,3,0,1,1,0
19237,50,29,2,1061,8,12853,1464,1,62,11,1,1,5,2,2,7,3,7,5,2,3,4,2,3,1,4,2,1,1,0
2863,27,1,22,1944,1,19555,1337,0,58,12,0,0,1,1,1,0,2,0,1,3,2,1,2,0,1,3,1,0,0,1
10306,35,15,10,1639,13,21530,737,0,55,17,0,12,3,4,9,0,1,6,7,3,2,3,3,3,1,3,2,2,1,1
4031,25,6,3,538,2,9396,688,1,91,13,0,2,1,1,5,2,1,0,2,3,3,3,5,3,1,3,2,1,1,1
2694,24,1,9,812,1,26551,1092,3,60,11,0,0,1,3,1,0,2,0,2,3,2,3,4,1,0,3,0,1,1,0
8564,33,11,16,1758,0,10092,211,0,74,20,1,0,3,1,2,0,1,0,7,2,3,3,2,1,2,3,2,2,0,1
9699,36,16,3,481,13,7246,541,1,48,11,0,9,3,1,4,12,4,1,7,3,2,1,2,3,1,4,1,2,1,0
5326,26,6,8,796,4,3064,1146,0,38,17,0,3,2,4,6,2,1,1,7,2,2,3,2,5,2,3,2,2,1,1
10274,35,15,2,1182,7,19588,819,1,44,18,0,7,3,3,2,4,2,6,4,4,2,2,2,1,0,3,2,1,1,0
5440,35,7,15,1645,2,22098,763,2,59,14,1,2,2,1,6,2,4,2,7,2,1,4,2,3,0,2,2,2,1,1
2742,34,2,9,1467,2,3072,1107,0,52,15,0,2,1,1,1,2,3,2,1,3,3,4,0,5,1,4,2,0,0,1
5094,40,10,16,832,1,11983,720,0,51,14,0,0,2,1,6,0,3,0,2,3,2,4,6,3,2,4,1,1,1,0
10048,37,17,10,342,1,22573,504,2,61,11,0,0,3,1,6,0,3,0,4,3,3,2,5,3,0,3,1,1,1,1
2340,26,1,24,622,1,23213,471,0,66,18,1,0,1,3,1,0,4,0,2,1,1,2,3,5,2,3,2,1,1,1
17007,34,16,15,1485,14,11929,829,2,71,14,0,8,4,2,7,9,1,6,5,2,3,4,3,3,0,3,1,1,1,0
4193,29,10,15,15,9,12682,153,0,49,12,1,5,2,4,0,8,3,0,2,3,2,4,3,1,2,2,2,1,0,0
1118,25,1,24,1273,1,8040,599,0,73,14,1,0,1,3,1,0,4,1,8,3,1,4,4,1,2,1,1,2,1,1
2293,24,6,1,45,2,3020,813,1,61,16,1,0,1,2,2,0,4,2,6,2,3,1,2,3,1,3,2,1,1,1
4127,39,7,20,1812,2,19188,766,1,83,18,0,1,2,3,2,2,4,2,7,3,3,4,6,1,0,3,1,2,1,0
